,word,count
0,c,295
1,array,208
2,function,197
3,file,127
4,pointer,123
5,code,105
6,program,104
7,quot,94
8,error,85
9,string,76
10,memory,70
11,i,69
12,struct,63
13,value,61
14,input,51
15,loop,51
16,char,49
17,list,48
18,output,47
19,number,45
20,character,43
21,way,43
22,fault,42
23,t,40
24,segmentation,40
25,type,37
26,structure,35
27,time,34
28,size,33
29,problem,33
30,process,32
31,use,30
32,line,30
33,address,29
34,bit,26
35,int,26
36,argument,26
37,integer,25
38,difference,24
39,access,23
40,language,22
41,work,22
42,python,21
43,return,21
44,compiler,20
45,linux,20
46,command,20
47,declaration,19
48,sort,19
49,print,19
50,text,18
51,s,18
52,malloc,17
53,expression,17
54,point,17
55,scanf,17
56,element,16
57,message,16
58,variable,16
59,call,16
60,length,15
61,gcc,15
62,buffer,15
63,issue,15
64,user,15
65,header,15
66,m,14
67,reference,14
68,matrix,14
69,gt,14
70,implementation,14
71,client,14
72,system,13
73,h,13
74,assembly,13
75,library,13
76,operator,13
77,statement,13
78,order,13
79,result,13
80,socket,13
81,studio,12
82,arm,12
83,amp,12
84,directory,12
85,pipe,12
86,macro,12
87,cannot,11
88,stack,11
89,node,11
90,const,11
91,child,11
92,parameter,11
93,condition,11
94,server,11
95,name,11
96,source,11
97,printf,11
98,float,10
99,member,10
100,linker,10
101,thread,10
102,space,10
103,txt,10
104,connection,10
105,index,10
106,core,10
107,assignment,10
108,definition,10
109,mode,9
110,doesn,9
111,cs50,9
112,makefile,9
113,sum,9
114,parent,9
115,get,9
116,programming,9
117,load,9
118,question,8
119,recursion,8
120,arduino,8
121,pass,8
122,vs,8
123,module,8
124,end,8
125,part,8
126,trouble,8
127,data,8
128,x,8
129,read,8
130,r,8
131,compile,7
132,inline,7
133,symbol,7
134,method,7
135,lt,7
136,version,7
137,byte,7
138,count,7
139,stdin,7
140,exit,7
141,position,7
142,dll,7
143,ip,7
144,segfault,7
145,change,7
146,define,7
147,tcp,7
148,reading,7
149,preprocessor,7
150,fork,7
151,format,7
152,vscode,6
153,table,6
154,run,6
155,someone,6
156,while,6
157,sizeof,6
158,multiplication,6
159,cython,6
160,mean,6
161,exception,6
162,valgrind,6
163,behavior,6
164,i2c,6
165,write,6
166,path,6
167,kernel,6
168,creation,6
169,void,6
170,application,6
171,range,6
172,exe,6
173,set,6
174,compilation,6
175,default,6
176,bitwise,6
177,project,6
178,division,5
179,switch,5
180,help,5
181,word,5
182,key,5
183,execution,5
184,event,5
185,sequence,5
186,ascii,5
187,unit,5
188,game,5
189,section,5
190,building,5
191,id,5
192,device,5
193,start,5
194,allocation,5
195,power,5
196,zero,5
197,hex,5
198,garbage,5
199,password,5
200,status,5
201,reason,5
202,operation,5
203,keyboard,5
204,driver,5
205,packet,5
206,register,5
207,shell,5
208,algorithm,5
209,stdout,5
210,class,5
211,copy,5
212,letter,5
213,mergesort,5
214,behaviour,5
215,check,5
216,field,5
217,complexity,5
218,non,5
219,vector,5
220,tree,5
221,gdb,5
222,cast,4
223,figure,4
224,memcpy,4
225,runtime,4
226,mingw,4
227,syntax,4
228,segment,4
229,beginning,4
230,scope,4
231,test,4
232,sdk,4
233,handler,4
234,curl,4
235,video,4
236,pipeline,4
237,clang,4
238,initialization,4
239,jni,4
240,api,4
241,instruction,4
242,sensor,4
243,queue,4
244,insertion,4
245,display,4
246,mac,4
247,search,4
248,image,4
249,precision,4
250,root,4
251,substring,4
252,syscall,4
253,state,4
254,level,4
255,place,4
256,writing,4
257,cpp,4
258,cmake,4
259,cpu,4
260,environment,4
261,equivalent,4
262,understand,4
263,n,4
264,anything,4
265,identifier,4
266,database,4
267,random,4
268,usage,4
269,window,4
270,getchar,4
271,lib,4
272,something,4
273,realloc,4
274,simple,4
275,raspberry,4
276,cbc,4
277,regex,4
278,breakpoint,4
279,wait,4
280,machine,4
281,object,4
282,violation,4
283,logic,4
284,printing,4
285,case,4
286,selection,4
287,csv,4
288,hash,4
289,d,4
290,example,4
291,custom,4
292,practice,4
293,head,4
294,failure,4
295,translation,3
296,mapping,3
297,series,3
298,folder,3
299,timezone,3
300,gettime,3
301,neon,3
302,background,3
303,inet,3
304,rust,3
305,clock,3
306,clion,3
307,map,3
308,c11,3
309,do,3
310,iot,3
311,cmd,3
312,pre,3
313,callback,3
314,offset,3
315,make,3
316,math,3
317,extension,3
318,location,3
319,solve,3
320,aes,3
321,include,3
322,multicast,3
323,column,3
324,alignment,3
325,g,3
326,item,3
327,trie,3
328,bug,3
329,store,3
330,limit,3
331,token,3
332,convert,3
333,flag,3
334,intersection,3
335,fail,3
336,cipher,3
337,crash,3
338,expansion,3
339,rule,3
340,bison,3
341,manipulation,3
342,enter,3
343,app,3
344,warning,3
345,compare,3
346,macos,3
347,multiple,3
348,conversion,3
349,pi,3
350,encryption,3
351,optimization,3
352,pattern,3
353,datatype,3
354,memset,3
355,stream,3
356,option,3
357,purpose,3
358,bare,3
359,metal,3
360,initializer,3
361,amount,3
362,posix,3
363,recv,3
364,sentence,3
365,descriptor,3
366,lvalue,3
367,bar,3
368,fscanf,3
369,platform,3
370,block,3
371,max,3
372,isn,3
373,sscanf,3
374,control,3
375,split,3
376,union,3
377,request,3
378,argv,3
379,break,3
380,service,3
381,typedef,3
382,base,2
383,interview,2
384,task,2
385,terminal,2
386,stm32f103c8,2
387,asm,2
388,processor,2
389,press,2
390,hdf5,2
391,attribute,2
392,graph,2
393,vm,2
394,readv,2
395,comma,2
396,waitpid,2
397,gnu,2
398,cc,2
399,dbg,2
400,ide,2
401,extract,2
402,cluster,2
403,entry,2
404,avx512,2
405,avx2,2
406,mpi,2
407,resource,2
408,create,2
409,pset4,2
410,filter,2
411,restrict,2
412,keyword,2
413,product,2
414,wasm,2
415,increment,2
416,mario,2
417,sparse,2
418,temp,2
419,computer,2
420,duplicate,2
421,assign,2
422,abort,2
423,c89,2
424,junk,2
425,row,2
426,elf,2
427,ssl,2
428,connect,2
429,preload,2
430,cmp,2
431,mistake,2
432,interrupt,2
433,auto,2
434,splitting,2
435,indicator,2
436,controller,2
437,page,2
438,show,2
439,effect,2
440,instance,2
441,chessboard,2
442,directive,2
443,security,2
444,exponent,2
445,microchip,2
446,iteration,2
447,getch,2
448,enum,2
449,handling,2
450,cortex,2
451,pragma,2
452,permission,2
453,certificate,2
454,counter,2
455,p,2
456,param,2
457,frame,2
458,analysis,2
459,calloc,2
460,qsort,2
461,mmap,2
462,track,2
463,timer,2
464,myarray,2
465,cgo,2
466,body,2
467,distance,2
468,os,2
469,feature,2
470,gtk3,2
471,versa,2
472,remove,2
473,generator,2
474,configuration,2
475,parallelization,2
476,star,2
477,bash,2
478,passing,2
479,wall,2
480,timeout,2
481,link,2
482,parenthesis,2
483,perf,2
484,record,2
485,uart,2
486,std,2
487,quicksort,2
488,execve,2
489,deal,2
490,clone,2
491,comparison,2
492,rgb,2
493,difficulty,2
494,semaphore,2
495,merge,2
496,macros,2
497,dereference,2
498,strcmp,2
499,reader,2
500,azure,2
501,hub,2
502,storage,2
503,ipc,2
504,subset,2
505,occurrence,2
506,eclipse,2
507,y,2
508,digit,2
509,exercise,2
510,minesweeper,2
511,operand,2
512,addition,2
513,success,2
514,representation,2
515,mex,2
516,documentation,2
517,match,2
518,contain,2
519,var,2
520,script,2
521,need,2
522,openmp,2
523,caesar,2
524,backslash,2
525,leak,2
526,management,2
527,producer,2
528,board,2
529,world,2
530,gmp,2
531,support,2
532,push,2
533,button,2
534,synchronization,2
535,hacker,2
536,rank,2
537,gstreamer,2
538,shmget,2
539,rest,2
540,area,2
541,decryption,2
542,room,2
543,wformat,2
544,flash,2
545,information,2
546,detection,2
547,k,2
548,correct,2
549,explanation,2
550,sdl2,2
551,parse,2
552,args,2
553,argc,2
554,lack,2
555,ve,2
556,cl,2
557,strdup,2
558,concatenation,2
559,checksum,2
560,container,2
561,qualifier,2
562,cache,2
563,rcu,2
564,snprintf,2
565,hardware,2
566,lock,2
567,cvms,2
568,half,2
569,sdl,2
570,art,2
571,proc,2
572,cleanup,1
573,prefix,1
574,mocking,1
575,bindgen,1
576,rtcvideorenderer,1
577,statvfs,1
578,sd,1
579,destination,1
580,etc,1
581,credit,1
582,fahrenheit,1
583,coverage,1
584,instr,1
585,network,1
586,htoi,1
587,voice,1
588,detector,1
589,pyimport,1
590,import,1
591,dataset,1
592,attr,1
593,heap,1
594,hackerrank,1
595,gmtoff,1
596,zone,1
597,mktime,1
598,gmtime,1
599,datetime,1
600,incidence,1
601,igraph,1
602,rand,1
603,userspace,1
604,drop,1
605,opengl,1
606,relocation,1
607,gimp,1
608,canvas,1
609,ntop,1
610,paper,1
611,duplication,1
612,epc1,1
613,epc2,1
614,epc3,1
615,excvaddr,1
616,depc,1
617,aip,1
618,mip,1
619,crc64,1
620,conda,1
621,cos6,1
622,startup,1
623,loading,1
624,jvm,1
625,ir,1
626,cam,1
627,demo,1
628,mechanism,1
629,readability,1
630,pset2,1
631,msvc,1
632,drfftw,1
633,libssh2,1
634,publickey,1
635,fromfile,1
636,thrd,1
637,propper,1
638,libxml,1
639,tickless,1
640,left,1
641,analog,1
642,hid,1
643,gamepad,1
644,psk,1
645,vendor,1
646,confluent,1
647,kafka,1
648,trigger,1
649,qemu,1
650,ffi,1
651,yew,1
652,cargo,1
653,cope,1
654,pressure,1
655,till,1
656,pset5,1
657,postgis,1
658,lwgeom,1
659,geos,1
660,query,1
661,cmocka,1
662,backward,1
663,newnode,1
664,resolution,1
665,rdmsr,1
666,rdpmc,1
667,branch,1
668,prediction,1
669,accuracy,1
670,gladman,1
671,xi,1
672,libwebsocket,1
673,player,1
674,ocr,1
675,tesspageiteratorboundingbox,1
676,gloabal,1
677,mingw64,1
678,msys2,1
679,mongoose,1
680,authentification,1
681,bool,1
682,xcode,1
683,gif,1
684,response,1
685,hole,1
686,af,1
687,rx,1
688,color,1
689,cell,1
690,checking,1
691,win,1
692,wc,1
693,sense,1
694,delete,1
695,ndarray,1
696,scatter,1
697,processus,1
698,managing,1
699,errno,1
700,pthread,1
701,execute,1
702,sock,1
703,https,1
704,winsock,1
705,skip,1
706,association,1
707,threadprivate,1
708,sysmalloc,1
709,assertion,1
710,misra,1
711,quality,1
712,psv,1
713,ceil,1
714,stdio,1
715,fir,1
716,configure,1
717,pd6,1
718,stm8s103f3,1
719,voltage,1
720,perror,1
721,man,1
722,replacement,1
723,biquad,1
724,relation,1
725,kmalloc,1
726,execv,1
727,frac,1
728,ed,1
729,extreme,1
730,webresponse,1
731,v3,1
732,signal,1
733,reset,1
734,logon,1
735,action,1
736,signature,1
737,vpath,1
738,ethernet,1
739,crc,1
740,computation,1
741,ring,1
742,apple,1
743,endpoint,1
744,ray,1
745,box,1
746,modbus,1
747,pic24,1
748,servet,1
749,download,1
750,sigint,1
751,membership,1
752,obj,1
753,edit,1
754,screen,1
755,tmpname,1
756,sun,1
757,solaris,1
758,behave,1
759,strlen,1
760,eof,1
761,subtraction,1
762,e,1
763,ansi,1
764,outcome,1
765,playfair,1
766,wraparound,1
767,udp,1
768,blink,1
769,income,1
770,month,1
771,year,1
772,floodfill,1
773,ipv4,1
774,llx,1
775,prerequisite,1
776,hooking,1
777,yylex,1
778,yystype,1
779,yylval,1
780,yyltype,1
781,yylloc,1
782,julia,1
783,motion,1
784,console,1
785,flow,1
786,hp,1
787,setvbuf,1
788,uno,1
789,shield,1
790,println,1
791,hour,1
792,fragmentation,1
793,j,1
794,lex,1
795,generation,1
796,rewrite,1
797,reassign,1
798,int16,1
799,noreserve,1
800,shellexecuteinfo,1
801,gstbuffer,1
802,cause,1
803,gst,1
804,meta,1
805,note,1
806,versus,1
807,glade,1
808,hierarchy,1
809,ti,1
810,cc3200sf,1
811,freertos,1
812,hc,1
813,sr04,1
814,document,1
815,msys,1
816,appveyor,1
817,win10,1
818,interaction,1
819,delay,1
820,receiving,1
821,git,1
822,frequency,1
823,pack,1
824,sendfile,1
825,javascript,1
826,settimeout,1
827,ui,1
828,freeze,1
829,overwrite,1
830,evaluator,1
831,min,1
832,eg,1
833,casting,1
834,doubly,1
835,cur,1
836,progmem,1
837,equation,1
838,pixel,1
839,xc16,1
840,zybooks,1
841,square,1
842,rxc,1
843,stage,1
844,zsh,1
845,export,1
846,fprintf,1
847,glfw,1
848,fgetc,1
849,mysqlclient,1
850,icc,1
851,s2n,1
852,assembler,1
853,sample,1
854,disk,1
855,quota,1
856,sync,1
857,allocate,1
858,freqeuncy,1
859,performance,1
860,mismatch,1
861,bitoperation,1
862,combination,1
863,differ,1
864,club,1
865,codebase,1
866,trojan,1
867,bitshifting,1
868,adxl345,1
869,pi3,1
870,cout,1
871,instantiation,1
872,getopt,1
873,cdef,1
874,debugger,1
875,pow,1
876,introduction,1
877,isr,1
878,tiff,1
879,js,1
880,emscripten,1
881,execlp,1
882,clonefunc,1
883,sm,1
884,vga,1
885,scanner,1
886,alternative,1
887,update,1
888,pset,1
889,blur,1
890,constant,1
891,postgresql,1
892,pqgetvalue,1
893,arrange,1
894,typeorm,1
895,bomb,1
896,confirmation,1
897,rtlcapturestackbacktrace,1
898,time64,1
899,double,1
900,iterate,1
901,region,1
902,scip,1
903,put,1
904,uppercase,1
905,ndk,1
906,decode,1
907,parity,1
908,nan,1
909,synchronize,1
910,endianess,1
911,boolean,1
912,matter,1
913,assersion,1
914,fatfs,1
915,starvation,1
916,libgcc,1
917,firmware,1
918,meessage,1
919,programmer,1
920,columnsto,1
921,beginner,1
922,stuff,1
923,continue,1
924,average,1
925,stall,1
926,memcmp,1
927,r5,1
928,taskbar,1
929,registry,1
930,watch,1
931,isdigit,1
932,hardcoding,1
933,strcat,1
934,incrementing,1
935,calculating,1
936,dvd,1
937,createprocess,1
938,grid,1
939,layout,1
940,belong,1
941,inode,1
942,yasdi,1
943,training,1
944,scroll,1
945,slider,1
946,snippet,1
947,comport,1
948,sn,1
949,attachment,1
950,monitor,1
951,chattr,1
952,criteria,1
953,poiner,1
954,sys,1
955,shm,1
956,gpu,1
957,strtok,1
958,consisting,1
959,cstring,1
960,sprintf,1
961,batch,1
962,decompilation,1
963,renderer,1
964,blk,1
965,init,1
966,evaluation,1
967,permutation,1
968,ccs,1
969,multi,1
970,msp430g2553,1
971,suid,1
972,lua,1
973,hide,1
974,envp,1
975,nothing,1
976,execpt,1
977,pin5,1
978,chart,1
979,llvmbuildgep,1
980,semester,1
981,professor,1
982,tensor,1
983,tensorflow,1
984,interface,1
985,quote,1
986,cplex,1
987,lp,1
988,cut,1
989,separation,1
990,php,1
991,strncmp,1
992,ask,1
993,crypt,1
994,md5,1
995,persistent,1
996,whitout,1
997,generate,1
998,browser,1
999,suppress,1
1000,lodsb,1
1001,benefit,1
1002,factorial,1
1003,proof,1
1004,ipv6,1
1005,ad,1
1006,presence,1
1007,complement,1
1008,delimiter,1
1009,minimum,1
1010,promotion,1
1011,agent,1
1012,cashier,1
1013,constructor,1
1014,libc,1
1015,luajit,1
1016,protobuf,1
1017,re,1
1018,regexp,1
1019,http,1
1020,freezing,1
1021,grandchild,1
1022,stop,1
1023,receive,1
1024,maximum,1
1025,callee,1
1026,commas,1
1027,v,1
1028,bitshift,1
1029,homework,1
1030,guidance,1
1031,alias,1
1032,skipping,1
1033,kb,1
1034,registor,1
1035,fdim,1
1036,acronym,1
1037,stand,1
1038,traversal,1
1039,i386,1
1040,matlab,1
1041,coder,1
1042,parallel,1
1043,bluetooth,1
1044,drvuart,1
1045,visibility,1
1046,freebsd,1
1047,idiom,1
1048,underflow,1
1049,semicolon,1
1050,keep,1
1051,changing,1
1052,hang,1
1053,gtktreeview,1
1054,gtkliststore,1
1055,view,1
1056,allocating,1
1057,verification,1
1058,quantum,1
1059,usleep,1
1060,solution,1
1061,meson,1
1062,install,1
1063,consumer,1
1064,staircase,1
1065,pc,1
1066,mplab,1
1067,expand,1
1068,join,1
1069,threadsanitizer,1
1070,deadlock,1
1071,du,1
1072,shortest,1
1073,reverse,1
1074,pic18f97j60,1
1075,chip,1
1076,bstnode,1
1077,concept,1
1078,xmplab,1
1079,ddrd,1
1080,ddrb,1
1081,gluseprogram,1
1082,win32,1
1083,pair,1
1084,codec,1
1085,ffmpeg,1
1086,yyout,1
1087,self,1
1088,createfilemapping,1
1089,dacl,1
1090,destroy,1
1091,throw,1
1092,efficiency,1
1093,inner,1
1094,quotient,1
1095,carriage,1
1096,rate,1
1097,suspend,1
1098,ssh,1
1099,escape,1
1100,asn,1
1101,post,1
1102,tms320f28379d,1
1103,sector,1
1104,sigaction,1
1105,tid,1
1106,concatenate,1
1107,conflict,1
1108,srv,1
1109,decription,1
1110,couldnt,1
1111,defragmentation,1
1112,visualstudio,1
1113,inheritance,1
1114,shot,1
1115,alphabet,1
1116,iar,1
1117,team,1
1118,gcd,1
1119,communciate,1
1120,windowsapi,1
1121,reuse,1
1122,bootloader,1
1123,euler,1
1124,glib,1
1125,pwd,1
1126,arg,1
1127,heapsort,1
1128,package,1
1129,logarithm,1
1130,libcurl,1
1131,repeat,1
1132,listen,1
1133,adjustment,1
1134,payload,1
1135,bsearch,1
1136,huffman,1
1137,wolfssl,1
1138,hoare,1
1139,vice,1
1140,transmission,1
1141,calculate,1
1142,ktime,1
1143,signification,1
1144,binary,1
1145,glgetteximage,1
1146,sha512,1
1147,mbedtls,1
1148,config,1
1149,release,1
1150,coherence,1
1151,teach,1
1152,c18,1
1153,front,1
1154,host,1
1155,sudoku,1
1156,checker,1
1157,descent,1
1158,parser,1
1159,mpz,1
1160,tdiv,1
1161,piped,1
1162,altbeacon,1
1163,modulo,1
1164,isnt,1
1165,inserting,1
1166,xlib,1
1167,manager,1
1168,onboard,1
1169,termination,1
1170,jna,1
1171,shellcode,1
1172,variance,1
1173,allocator,1
1174,master,1
1175,mouse,1
1176,wheel,1
1177,csfml,1
1178,distribution,1
1179,memmove,1
1180,bisection,1
1181,sin,1
1182,o,1
1183,drive,1
1184,ram,1
1185,freetype,1
1186,step,1
1187,circle,1
1188,segmention,1
1189,distro,1
1190,calculation,1
1191,wps,1
1192,decompression,1
1193,working,1
1194,luhns,1
1195,prototype,1
1196,pcap,1
1197,libprivoxy,1
1198,declspec,1
1199,dllimport,1
1200,stdcall,1
1201,w,1
1202,enumwindowproc,1
1203,gawk,1
1204,java,1
1205,spot,1
1206,ssprintf,1
1207,hw,1
1208,prefetcher,1
1209,sig,1
1210,sleep,1
1211,rvalue,1
1212,represent,1
1213,mips32,1
1214,span,1
1215,exponentiation,1
1216,behavoiur,1
1217,design,1
1218,standard,1
1219,zu,1
1220,iterating,1
1221,dense,1
1222,gsl,1
1223,clclonekernel,1
1224,interpretation,1
1225,below,1
1226,challenge,1
1227,b,1
1228,ctrl,1
1229,getpid,1
1230,lzw,1
1231,gtkcombobox,1
1232,generateconsolectrlevent,1
1233,sign,1
1234,retval,1
1235,doxygen,1
1236,fiasco,1
1237,occur,1
1238,warn,1
1239,running,1
1240,docker,1
1241,mersenne,1
1242,twister,1
1243,vor,1
1244,avx,1
1245,mutex,1
1246,finding,1
1247,architecture,1
1248,vuex,1
1249,property,1
1250,reactivity,1
1251,wont,1
1252,public,1
1253,evp,1
1254,pkey,1
1255,race,1
1256,astropy,1
1257,virtaddr,1
1258,bound,1
1259,haswell,1
1260,multiply,1
1261,webpage,1
1262,lldb,1
1263,wlan,1
1264,geolocation,1
1265,date,1
1266,cantopen,1
1267,db,1
1268,backtrace,1
1269,latency,1
1270,zeromq,1
1271,forward,1
1272,pause,1
1273,percentage,1
1274,ioctl,1
1275,spin,1
1276,getter,1
1277,context,1
1278,party,1
1279,copying,1
1280,confusion,1
1281,style,1
1282,build,1
1283,workbench,1
1284,msb,1
1285,fileptr,1
1286,lparam,1
1287,sendmessage,1
1288,precedence,1
1289,pybind11,1
1290,str,1
1291,info,1
1292,toc,1
1293,communication,1
1294,stm32f03,1
1295,esp,1
1296,opencl,1
1297,sleeping,1
1298,origin,1
1299,fd,1
1300,fusermount,1
1301,pulseaudio,1
1302,s2i,1
1303,audit,1
1304,target,1
1305,fast63,1
1306,frama,1
1307,v20,1
1308,calcium,1
1309,redefinition,1
1310,speedup,1
1311,backspace,1
1312,lcc,1
1313,win64,1
1314,iso,1
1315,deliver,1
1316,mov,1
1317,libav,1
1318,rsession,1
1319,clbuildprogram,1
1320,carat,1
1321,tagkeybdinput,1
1322,strtof,1
1323,meaning,1
1324,shapefile,1
1325,returning,1
1326,telnet,1
1327,microcontroller,1
1328,polymorphism,1
1329,debugging,1
1330,speed,1
1331,verifier,1
1332,implemetation,1
1333,spacing,1
1334,dividing,1
1335,mask,1
1336,svml,1
1337,boot,1
1338,notation,1
1339,yes,1
1340,hello,1
1341,pyramid,1
1342,ownership,1
1343,cross,1
1344,dennis,1
1345,ritchie,1
1346,ignore,1
1347,developer,1
1348,bao,1
1349,baos,1
1350,goto,1
1351,worker,1
1352,ptrace,1
1353,overflow,1
1354,trap,1
1355,logging,1
1356,stderr,1
1357,sigmask,1
1358,pwm,1
1359,sysfs,1
1360,beaglebone,1
1361,pinout,1
1362,phase,1
1363,improvement,1
1364,intrusion,1
1365,exc,1
1366,explorer,1
1367,strace,1
1368,referencing,1
1369,period,1
1370,libunwind,1
1371,universal,1
1372,kind,1
1373,c99,1
1374,setup,1
1375,iso646,1
1376,wsl,1
1377,implementaion,1
1378,meomory,1
1379,significance,1
1380,port,1
1381,rtp,1
1382,audio,1
1383,shift,1
1384,scalar,1
1385,move,1
1386,cmov,1
1387,fill,1
1388,anyone,1
1389,collect2,1
1390,ld,1
1391,measure,1
1392,attempt,1
1393,accordance,1
1394,cycle,1
1395,fibonacci,1
1396,alphanumeric,1
1397,twice,1
1398,lnk2001,1
1399,pcl,1
1400,mtrr,1
1401,render,1
1402,sub,1
